-- phpMyAdmin SQL Dump
-- version 5.1.2
-- https://www.phpmyadmin.net/
--
-- Host: 127.0.0.1:3306
-- Generation Time: Dec 10, 2022 at 12:00 PM
-- Server version: 8.0.30-0ubuntu0.22.04.1
-- PHP Version: 8.1.11

SET SQL_MODE = "NO_AUTO_VALUE_ON_ZERO";
START TRANSACTION;
SET time_zone = "+00:00";


/*!40101 SET @OLD_CHARACTER_SET_CLIENT=@@CHARACTER_SET_CLIENT */;
/*!40101 SET @OLD_CHARACTER_SET_RESULTS=@@CHARACTER_SET_RESULTS */;
/*!40101 SET @OLD_COLLATION_CONNECTION=@@COLLATION_CONNECTION */;
/*!40101 SET NAMES utf8 */;

--
-- Database: `gabaytulong`
--

-- --------------------------------------------------------

--
-- Table structure for table `activity_log`
--

CREATE TABLE `activity_log` (
  `actlog_id` varchar(255) NOT NULL,
  `org_id` varchar(255) NOT NULL,
  `org_admin` varchar(255) NOT NULL,
  `activity` varchar(255) NOT NULL,
  `act_date` date NOT NULL
) ENGINE=InnoDB DEFAULT CHARSET=utf8 COLLATE=utf8_general_ci;

--
-- Dumping data for table `activity_log`
--

INSERT INTO `activity_log` (`actlog_id`, `org_id`, `org_admin`, `activity`, `act_date`) VALUES
('1634E2555BBD08', '163343D2909DYU', 'Malolos Admins', 'Login', '2022-10-18'),
('1634E2571A0122', '163343D2909DYU', 'Malolos Admins', 'Change Display Picture', '2022-10-18'),
('1634E257E16096', '163343D2909DYU', 'Malolos Admin', 'Edit Organization Details', '2022-10-18'),
('1634E258B9EE64', '163343D2909DYU', 'Malolos Admin', 'Changed Password', '2022-10-18'),
('1634E25902575C', '163343D2909DYU', 'Malolos Admin', 'Edit Organization Status', '2022-10-18'),
('1634E2593E19CF', '163343D2909DYU', 'Malolos Admin', 'Edit Organization Status', '2022-10-18'),
('1634E25A195E66', '163343D2909DYU', 'Malolos Admin', 'New Assistance Added', '2022-10-18'),
('1634E25AA16A21', '163343D2909DYU', 'Malolos Admin', 'Edit Assistance Details', '2022-10-18'),
('1634E25AEF09B8', '163343D2909DYU', 'Malolos Admin', 'Archived Assistance Offered', '2022-10-18'),
('1634E25C25DD8C', '163343D2909DYU', 'Malolos Admin', 'Updated Requestor Status', '2022-10-18'),
('1634E25CA98958', '163343D2909DYU', 'Malolos Admin', 'Archived Requestor', '2022-10-18'),
('1634E25CF7C82D', '163343D2909DYU', 'Malolos Admin', 'Unarchived Requestor', '2022-10-18'),
('1634E25D54AAE6', '163343D2909DYU', 'Malolos Admin', 'Printed Report', '2022-10-18'),
('1634E3C22938B5', '163343D2909DYU', 'Malolos Admin', 'Login', '2022-10-18'),
('1634E46C09C13C', '163343D2909DYU', 'Malolos Admin', 'Archived Requestor', '2022-10-18'),
('1634E4C2C7E6F2', '163343D2909DYU', 'Malolos Admin', 'Login', '2022-10-18'),
('1634E994D91A16', '163343D2909DYU', 'Malolos Admin', 'Updated Requestor Status', '2022-10-18'),
('1634E99538424F', '163343D2909DYU', 'Malolos Admin', 'Updated Requestor Status', '2022-10-18'),
('1635000553132B', '163343D2909DYU', 'Malolos Admin', 'Login', '2022-10-19'),
('163500F5360C80', '163343D2909DYU', 'Malolos Admin', 'Login', '2022-10-19'),
('163512251B183D', '163343D2909DYU', 'Malolos Admin', 'Updated Requestor Status', '2022-10-20'),
('163512F08C39A6', '163343D290BDFE', 'Harold Jorge', 'Edit Assistance Details', '2022-10-20'),
('1635131E85A6F5', '163343D290BDFE', 'Harold Jorge', 'Archived Assistance Offered', '2022-10-20'),
('1635132178748C', '163343D290BDFE', 'Harold Jorge', 'Archived Assistance Offered', '2022-10-20'),
('16351327D7047F', '163343D290BDFE', 'Harold Jorge', 'New Assistance Added', '2022-10-20'),
('163513349CC4C8', '163343D290BDFE', 'Harold Jorge', 'Archived Assistance Offered', '2022-10-20'),
('1635134F2A4112', '163343D2909DYU', 'Malolos Admin', 'Login', '2022-10-20'),
('163513A70DCE03', '163343D2909DYU', 'Malolos Admin', 'Login', '2022-10-20'),
('163513AE2BCCE9', '163343D2909DYU', 'Malolos Admin', 'Login', '2022-10-20'),
('163528649E4F45', '163343D2909DYU', 'Malolos Admin', 'Edit Assistance Details', '2022-10-21'),
('16352CEA0C094A', '163343D2909DYU', 'Malolos Admin', 'Edit Assistance Details', '2022-10-21'),
('16352CEA8644E4', '163343D2909DYU', 'Malolos Admin', 'Edit Assistance Details', '2022-10-21'),
('16352D0E9A5D35', '163343D2909DYU', 'Malolos Admin', 'New Assistance Added', '2022-10-21'),
('16352D101332AB', '163343D2909DYU', 'Malolos Admin', 'Archived Assistance Offered', '2022-10-21'),
('16352D85349621', '163343D2909DYU', 'Malolos Admin', 'New Assistance Added', '2022-10-21'),
('16352D85E2B246', '163343D2909DYU', 'Malolos Admin', 'Archived Assistance Offered', '2022-10-21'),
('16352DA283EC03', '163343D2909DYU', 'Malolos Admin', 'New Assistance Added', '2022-10-21'),
('16352DA2DDA1BC', '163343D2909DYU', 'Malolos Admin', 'Archived Assistance Offered', '2022-10-21'),
('16352DD52337A1', '163343D2909DYU', 'Malolos Admin', 'New Assistance Added', '2022-10-21'),
('16352DD5E15661', '163343D2909DYU', 'Malolos Admin', 'Archived Assistance Offered', '2022-10-21'),
('16352E2887A50A', '163343D2909DYU', 'Malolos Admin', 'Login', '2022-10-21'),
('16352E4428F077', '163343D2909DYU', 'Malolos Admin', 'New Assistance Added', '2022-10-21'),
('16352E45124985', '163343D2909DYU', 'Malolos Admin', 'Archived Assistance Offered', '2022-10-21'),
('16352E5AD880D5', '163343D2909DYU', 'Malolos Admin', 'New Assistance Added', '2022-10-21'),
('16352E5B16A17D', '163343D2909DYU', 'Malolos Admin', 'Archived Assistance Offered', '2022-10-21'),
('1635396D884FD7', '163343D2909DYU', 'Malolos Admin', 'Login', '2022-10-22'),
('163539B9778A64', '163343D2909DYU', 'Malolos Admin', 'Login', '2022-10-22'),
('16353C7B50609B', '163343D2909DYU', 'Malolos Admin', 'Login', '2022-10-22'),
('16353DB0E64124', '163343D2909DYU', 'Malolos Admin', 'Updated Requestor Status', '2022-10-22'),
('16353E4E9979C3', '163343D2909DYU', 'Malolos Admin', 'New Assistance Added', '2022-10-22'),
('16353E4F8AC3DD', '163343D2909DYU', 'Malolos Admin', 'New Assistance Added', '2022-10-22'),
('16353E5028D9AC', '163343D2909DYU', 'Malolos Admin', 'New Assistance Added', '2022-10-22'),
('16353E510C31E4', '163343D2909DYU', 'Malolos Admin', 'New Assistance Added', '2022-10-22'),
('16353EC73CA0DB', '163343D2909DYU', 'Malolos Admin', 'Printed Report', '2022-10-22'),
('16354342726385', '163343D2909DYU', 'Malolos Admin', 'Archived Requestor', '2022-10-22'),
('16354344CF3048', '163343D2909DYU', 'Malolos Admin', 'Archived Requestor', '2022-10-22'),
('16354349A5D765', '163343D2909DYU', 'Malolos Admin', 'Archived Requestor', '2022-10-22'),
('163543B7FE6BB7', '163343D2909DYU', 'Malolos Admin', 'Unarchived Requestor', '2022-10-22'),
('163543B8318E85', '163343D2909DYU', 'Malolos Admin', 'Unarchived Requestor', '2022-10-22'),
('163543B86304E0', '163343D2909DYU', 'Malolos Admin', 'Unarchived Requestor', '2022-10-22'),
('163543D08F2921', '163343D2909DYU', 'Malolos Admin', 'Login', '2022-10-22'),
('163544990840EF', '163343D2909DYU', 'Malolos Admin', 'Archived Requestor', '2022-10-22'),
('16354B876D6175', '163343D2909DYU', 'Malolos Admin', 'Updated Requestor Status', '2022-10-23'),
('16354BE1C34BFD', '163343D2909DYU', 'Malolos Admin', 'Updated Requestor Status', '2022-10-23'),
('16354BE8918033', '163343D2909DYU', 'Malolos Admin', 'Updated Requestor Status', '2022-10-23'),
('16354BF8F9F3DF', '163343D2909DYU', 'Malolos Admin', 'Updated Requestor Status', '2022-10-23'),
('16354ED2E3E8D5', '163343D2909DYU', 'Malolos Admin', 'Updated Requestor Status', '2022-10-23'),
('16354ED3606F7B', '163343D2909DYU', 'Malolos Admin', 'Updated Requestor Status', '2022-10-23'),
('16354F1906E485', '163343D2909DYU', 'Malolos Admin', 'Login', '2022-10-23'),
('16354F2CEBC1B1', '163343D2909DYU', 'Malolos Admin', 'Archived Requestor', '2022-10-23'),
('16354F2E07013A', '163343D2909DYU', 'Malolos Admin', 'Unarchived Requestor', '2022-10-23'),
('16354F3230EAFF', '163343D2909DYU', 'Malolos Admin', 'Unarchived Requestor', '2022-10-23'),
('16354F34EEE9B4', '163343D2909DYU', 'Malolos Admin', 'Unarchived Requestor', '2022-10-23'),
('16354F3811A62C', '163343D2909DYU', 'Malolos Admin', 'Archived Requestor', '2022-10-23'),
('16354F387D8632', '163343D2909DYU', 'Malolos Admin', 'Unarchived Requestor', '2022-10-23'),
('16354F66416420', '163343D2909DYU', 'Malolos Admin', 'Login', '2022-10-23'),
('16354F753AF192', '163343D2909DYU', 'Malolos Admin', 'Login', '2022-10-23'),
('16354F85A65274', '163343D2909DYU', 'Malolos Admin', 'Login', '2022-10-23'),
('16354F9B688743', '163343D2909DYU', 'Malolos Admin', 'Login', '2022-10-23'),
('16355070D16352', '163343D2909DYU', 'Malolos Admin', 'Login', '2022-10-23'),
('1635520EFBE42B', '163343D2909DYU', 'Malolos Admin', 'Printed Report', '2022-10-23'),
('163554D6A69E3F', '163343D2909DYU', 'Malolos Admin', 'Printed Report', '2022-10-23'),
('16355587347A00', '163343D2909DYU', 'Malolos Admin', 'Login', '2022-10-23'),
('163555C9301BC6', '163343D2909DYU', 'Malolos Admin', 'Printed Report', '2022-10-23'),
('163555F926F22D', '163343D2909DYU', 'Malolos Admin', 'Edit Assistance Details', '2022-10-23'),
('16355613ED6DF3', '163343D2909DYU', 'Malolos Admin', 'Edit Assistance Details', '2022-10-23'),
('1635561F6A75A1', '163343D2909DYU', 'Malolos Admin', 'Edit Assistance Details', '2022-10-23'),
('163556325DE46C', '163343D2909DYU', 'Malolos Admin', 'Edit Assistance Details', '2022-10-23'),
('16355647049BC0', '163343D2909DYU', 'Malolos Admin', 'Edit Assistance Details', '2022-10-23'),
('16356C2988E0B9', '163343D2909DYU', 'Malolos Admin', 'Login', '2022-10-24'),
('16357F99818265', '163343D2909DYU', 'Malolos Admin', 'Login', '2022-10-25'),
('16358B76A09901', '163343D2909DYU', 'Malolos Admin', 'Printed Report', '2022-10-26'),
('16358F2EE756F6', '163343D2909DYU', 'Malolos Admin', 'Login', '2022-10-26'),
('1635A2D85753D9', '163343D2909DYU', 'Malolos Admin', 'Login', '2022-10-27'),
('1635A2F9B0482B', '163343D2909DYU', 'Malolos Admin', 'Login', '2022-10-27'),
('1635A9C3D3D90F', '163343D2909DYU', 'Malolos Admin', 'Login', '2022-10-27'),
('1635B453CC3411', '163343D2909DYU', 'Malolos Admin', 'Login', '2022-10-28'),
('1635B453DE02A4', '163343D2909DYU', 'Malolos Admin', 'Login', '2022-10-28'),
('1635F424A9A506', '163343D2909DYU', 'Malolos Admin', 'Login', '2022-10-31'),
('1635F4251AB45F', '163343D2909DYU', 'Malolos Admin', 'Login', '2022-10-31'),
('1635F56E7A939B', '163343D2909DYU', 'Malolos Admin', 'Login', '2022-10-31'),
('1635F5D97E0603', '163343D2909DYU', 'Malolos Admin', 'Login', '2022-10-31'),
('1635F5FE2C4140', '163343D2909DYU', 'Malolos Admin', 'Login', '2022-10-31'),
('1635F607E217EA', '163343D2909DYU', 'Malolos Admin', 'Login', '2022-10-31'),
('1635F63D6BCF6A', '163343D2909DYU', 'Malolos Admin', 'Edit Organization Details', '2022-10-31'),
('1635F63F14A872', '163343D2909DYU', 'Malolos Admin', 'Edit Organization Status', '2022-10-31'),
('1635F63F641697', '163343D2909DYU', 'Malolos Admin', 'Edit Organization Status', '2022-10-31'),
('1635F64D146C1B', '163343D2909DYU', 'Malolos Admin', 'Changed Password', '2022-10-31'),
('1635F64F2DF100', '163343D2909DYU', 'Malolos Admin', 'Changed Password', '2022-10-31'),
('1635F655A8508C', '163343D2909DYU', 'Malolos Admin', 'Edit Organization Status', '2022-10-31'),
('1635F6560CCD1F', '163343D2909DYU', 'Malolos Admin', 'Edit Organization Status', '2022-10-31'),
('1635F656C2F30F', '163343D2909DYU', 'Malolos Admin', 'Edit Organization Status', '2022-10-31'),
('1635F657A62DAB', '163343D2909DYU', 'Malolos Admin', 'Edit Organization Status', '2022-10-31'),
('1635F6B30DE36E', '163343D2909DYU', 'Malolos Admin', 'Archived Assistance Offered', '2022-10-31'),
('1635F6D611617A', '163343D2909DYU', 'Malolos Admin', 'Edit Organization Status', '2022-10-31'),
('1635F74D859393', '163343D2909DYU', 'Malolos Admin', 'Archived Requestor', '2022-10-31'),
('1635F76E87F3E7', '163343D2909DYU', 'Malolos Admin', 'Printed Report', '2022-10-31'),
('1635F76F1165BF', '163343D2909DYU', 'Malolos Admin', 'Printed Report', '2022-10-31'),
('1635FA8FC94260', '163343D2909DYU', 'Malolos Admin', 'Login', '2022-10-31'),
('1635FA927735BB', '163343D2909DYU', 'Malolos Admin', 'Unarchived Requestor', '2022-10-31'),
('1635FA960BFAAD', '163343D2909DYU', 'Malolos Admin', 'Edit Organization Status', '2022-10-31'),
('1635FBDD4C00E6', '163343D2909DYU', 'Malolos Admin', 'Login', '2022-10-31'),
('1635FC5F2BC58D', '163343D2909DYU', 'Malolos Admin Sample', 'Edit Organization Details', '2022-10-31'),
('1635FC63AF1C98', '163343D2909DYU', 'Malolos Admin', 'Edit Organization Details', '2022-10-31'),
('1635FC83E3A77B', '163343D2909DYU', 'Malolos Admin', 'Change Display Picture', '2022-10-31'),
('1635FC8501BAE7', '163343D2909DYU', 'Malolos Admin', 'Change Display Picture', '2022-10-31'),
('1635FC917AE932', '163343D2909DYU', 'Malolos Admin', 'Edit Organization Details', '2022-10-31'),
('1635FCA2F99D19', '163343D2909DYU', 'Malolos Admin', 'Edit Organization Details', '2022-10-31'),
('1635FCA386E2E1', '163343D2909DYU', 'Malolos Admin', 'Edit Organization Details', '2022-10-31'),
('1635FCC4F9B34D', '163343D2909DYU', 'Malolos Admin', 'Changed Password', '2022-10-31'),
('1635FCCA3A4DB6', '163343D2909DYU', 'Malolos Admin', 'Login', '2022-10-31'),
('1635FCCC607B8F', '163343D2909DYU', 'Malolos Admin', 'Changed Password', '2022-10-31'),
('1635FCCDEE9C26', '163343D2909DYU', 'Malolos Admin', 'Login', '2022-10-31'),
('1635FCFC064C35', '163343D2909DYU', 'Malolos Admin', 'Login', '2022-10-31'),
('1635FD26F72177', '163343D2909DYU', 'Malolos Admin', 'Edit Organization Status', '2022-10-31'),
('1635FD292C3BC6', '163343D2909DYU', 'Malolos Admin', 'Edit Organization Status', '2022-10-31'),
('1635FD67F420B6', '163343D2909DYU', 'Malolos Admin', 'New Assistance Added', '2022-10-31'),
('1635FD8D213CD9', '163343D2909DYU', 'Malolos Admin', 'Edit Assistance Details', '2022-10-31'),
('1635FD966B9B9C', '163343D2909DYU', 'Malolos Admin', 'Archived Assistance Offered', '2022-10-31'),
('1635FE5D13D90C', '163343D2909DYU', 'Malolos Admin', 'Login', '2022-10-31'),
('1635FEFAA75326', '163343D2909DYU', 'Malolos Admin', 'Updated Requestor Status', '2022-10-31'),
('1635FEFBD7D8F2', '163343D2909DYU', 'Malolos Admin', 'Updated Requestor Status', '2022-10-31'),
('1635FF54241548', '163343D2909DYU', 'Malolos Admin', 'Archived Requestor', '2022-10-31'),
('1635FF8ADA4637', '163343D2909DYU', 'Malolos Admin', 'Unarchived Requestor', '2022-10-31'),
('1635FF8EAEDA4A', '163343D2909DYU', 'Malolos Admin', 'Archived Requestor', '2022-10-31'),
('1635FFA706F12F', '163343D2909DYU', 'Malolos Admin', 'Printed Report', '2022-10-31'),
('1635FFA947F503', '163343D2909DYU', 'Malolos Admin', 'Printed Report', '2022-10-31'),
('1635FFAB005DAF', '163343D2909DYU', 'Malolos Admin', 'Login', '2022-10-31'),
('1635FFB3BDDAAF', '163343D2909DYU', 'Malolos Admin', 'Login', '2022-10-31'),
('16360879A950BD', '163343D2909DYU', 'Malolos Admin', 'Login', '2022-11-01'),
('16360B061D66C7', '163343D2909DYU', 'Malolos Admin', 'Login', '2022-11-01'),
('16360B4200482E', '163343D2909DYU', 'Malolos Admin', 'Login', '2022-11-01'),
('16360B5600A265', '163343D2909DYU', 'Malolos Admin', 'Login', '2022-11-01'),
('16360BC021048F', '163343D2909DYU', 'Malolos Admin', 'Login', '2022-11-01'),
('16360BCF421177', '163343D2909DYU', 'Malolos Admin', 'Login', '2022-11-01'),
('16360BD06C650F', '163343D2909DYU', 'Malolos Admin', 'Edit Organization Details', '2022-11-01'),
('16360BE14E2835', '163343D2909DYU', 'Malolos Admin', 'Updated Requestor Status', '2022-11-01'),
('16360BE41B0707', '163343D2909DYU', 'Malolos Admin', 'Updated Requestor Status', '2022-11-01'),
('16360BE67D62F3', '163343D2909DYU', 'Malolos Admin', 'Updated Requestor Status', '2022-11-01'),
('1636108AE73BDF', '163343D2909DYU', 'Malolos Admin', 'Login', '2022-11-01'),
('1636108BE2898F', '163343D2909DYU', 'Malolos Admin', 'Changed Password', '2022-11-01'),
('16361688B76034', '163343D2909DYU', 'Malolos Admin', 'Login', '2022-11-01'),
('16361688E37E7C', '163343D2909DYU', 'Malolos Admin', 'Login', '2022-11-01'),
('1636168D727AB0', '163343D2909DYU', 'Malolos Admin', 'Printed Report', '2022-11-01'),
('16361C61B0AFCA', '163343D2909DYU', 'Malolos Admin', 'Login', '2022-11-02'),
('16361C65BED83E', '163343D2909DYU', 'Malolos Admin', 'Change Display Picture', '2022-11-02'),
('16362307E67B61', '163343D2909DYU', 'Malolos Admin', 'Login', '2022-11-02'),
('163623090650FE', '163343D2909DYU', 'Malolos Admin', 'Updated Requestor Status', '2022-11-02'),
('163632031176CF', '163343D2909DYU', 'Malolos Admin', 'Login', '2022-11-03'),
('1636320AE6332F', '163343D2909DYU', 'Malolos Admin', 'Login', '2022-11-03'),
('1636320EB567FB', '163343D2909DYU', 'Malolos Admin', 'Printed Report', '2022-11-03'),
('1636322D44677C', '163343D2909DYU', 'Malolos Admin', 'Printed Report', '2022-11-03'),
('163633582AF948', '163343D2909DYU', 'Malolos Admin', 'Login', '2022-11-03'),
('16363359B31632', '163343D2909DYU', 'Malolos Admin', 'Updated Requestor Status', '2022-11-03'),
('1636336852DE16', '163343D2909DYU', 'Malolos Admin', 'Login', '2022-11-03'),
('1636336D9CAD90', '163343D2909DYU', 'Malolos Admin', 'Updated Requestor Status', '2022-11-03'),
('163636B4D5338E', '163343D2909DYU', 'Malolos Admin', 'Login', '2022-11-03'),
('16363821225CD7', '163343D2909DYU', 'Malolos Admin', 'Login', '2022-11-03'),
('1636383576EC25', '163343D2909DYU', 'Malolos Admin', 'Login', '2022-11-03'),
('16363835B0FECB', '163343D2909DYU', 'Malolos Admin', 'Printed Report', '2022-11-03'),
('16363BB554D442', '163343D2909DYU', 'Malolos Admin', 'Login', '2022-11-03'),
('16363BB9FF21A5', '163343D2909DYU', 'Malolos Admin', 'New Assistance Added', '2022-11-03'),
('16363BC46C745C', '16323DD2909ABC', 'Hiyas Admin', 'Login', '2022-11-03'),
('16363BE56A6286', '16323DD2909ABC', 'Hiyas Admin', 'New Assistance Added', '2022-11-03'),
('16363BEC546A3A', '163343D2909DYU', 'Malolos Admin', 'Login', '2022-11-03'),
('16363BF09B25E4', '163343D2909DYU', 'Malolos Admin', 'Login', '2022-11-03'),
('16363E39D21E1E', '163343D2909DYU', 'Malolos Admin', 'Login', '2022-11-03'),
('16363E3D8825B3', '163343D2909DYU', 'Malolos Admin', 'Updated Requestor Status', '2022-11-03'),
('16363E40869CF5', '163343D2909DYU', 'Malolos Admin', 'Updated Requestor Status', '2022-11-03'),
('16363EBF10369A', '163343D2909DYU', 'Malolos Admin', 'Login', '2022-11-03'),
('16363EE6038C98', '16363ED9FDACA5', 'Luis Tuazon', 'Login', '2022-11-03'),
('16363EEAD9278A', '163343D2909DYU', 'Malolos Admin', 'Login', '2022-11-03'),
('16363EEFEA1E9B', '163343D2909DYU', 'Malolos Admin', 'Login', '2022-11-03'),
('16363EFAE0C304', '163343D2909DYU', 'Malolos Admin', 'Edit Organization Details', '2022-11-03'),
('16363EFC795A26', '163343D2909DYU', 'Malolos Admin', 'Changed Password', '2022-11-03'),
('16363F4F223CE7', '163343D2909DYU', 'Malolos Admin', 'Login', '2022-11-03'),
('16363F55DBCF9A', '163343D2909DYU', 'Malolos Admin', 'Login', '2022-11-03'),
('16363F6476126A', '163343D2909DYU', 'Malolos Admin', 'Edit Organization Status', '2022-11-03'),
('16363F65164EB5', '163343D2909DYU', 'Malolos Admin', 'Edit Organization Status', '2022-11-03'),
('16363FF6897B0F', '163343D2909DYU', 'Malolos Admin', 'Login', '2022-11-03'),
('16363FF73CE8D8', '163343D2909DYU', 'Malolos Admin', 'Updated Requestor Status', '2022-11-03'),
('1636400788CC23', '163343D2909DYU', 'Malolos Admin', 'Login', '2022-11-03'),
('16364008A833D4', '163343D2909DYU', 'Malolos Admin', 'Updated Requestor Status', '2022-11-03'),
('163640576D56AC', '163343D2909DYU', 'Malolos Admin', 'Login', '2022-11-03'),
('16364059AC5710', '163343D2909DYU', 'Malolos Admin', 'Login', '2022-11-03'),
('16364066687103', '163343D2909DYU', 'Malolos Admin', 'Edit Organization Details', '2022-11-03'),
('1636406B8AE565', '163343D2909DYU', 'Malolos Admin', 'Edit Organization Status', '2022-11-03'),
('1636406BFEB6A7', '163343D2909DYU', 'Malolos Admin', 'Edit Organization Status', '2022-11-03'),
('163640777D0855', '163343D2909DYU', 'Malolos Admin', 'Login', '2022-11-03'),
('1636407CE5911E', '163343D2909DYU', 'Malolos Admin', 'Updated Requestor Status', '2022-11-03'),
('16364082F93C0B', '163343D2909DYU', 'Malolos Admin', 'Archived Requestor', '2022-11-03'),
('16364083F81C7A', '163343D2909DYU', 'Malolos Admin', 'Unarchived Requestor', '2022-11-03'),
('16364089B839F6', '163343D2909DYU', 'Malolos Admin', 'Printed Report', '2022-11-03'),
('16364471E6F0AF', '163343D2909DYU', 'Malolos Admin', 'Login', '2022-11-03'),
('1636506B9251E9', '163343D2909DYU', 'Malolos Admin', 'Login', '2022-11-04'),
('163650E928C3D0', '163343D2909DYU', 'Malolos Admin', 'Login', '2022-11-04'),
('16365489EC400C', '163343D2909DYU', 'Malolos Admin', 'Login', '2022-11-04'),
('163654917EC6C8', '163343D2909DYU', 'Malolos Admin', 'Edit Organization Status', '2022-11-04'),
('16365491F63E3C', '163343D2909DYU', 'Malolos Admin', 'Edit Organization Status', '2022-11-04'),
('16368916CCCEB2', '163343D2909DYU', 'Malolos Admin', 'Login', '2022-11-07'),
('1636891B752C4D', '163343D2909DYU', 'Malolos Admin', 'Printed Report', '2022-11-07'),
('16368C43CDFF16', '163343D2909DYU', 'Malolos Admin', 'Login', '2022-11-07'),
('16368C47A2C947', '163343D2909DYU', 'Malolos Admin', 'Updated Requestor Status', '2022-11-07'),
('16368C6202432F', '163343D2909DYU', 'Malolos Admin', 'Login', '2022-11-07'),
('16368C80F94A78', '163343D2909DYU', 'Malolos Admin', 'Updated Requestor Status', '2022-11-07'),
('16368FA019BCEA', '163343D2909DYU', 'Malolos Admin', 'Login', '2022-11-07'),
('16369022969D05', '163343D2909DYU', 'Malolos Admin', 'Updated Requestor Status', '2022-11-07'),
('1636903F0D49EB', '163343D2909DYU', 'Malolos Admin', 'Updated Requestor Status', '2022-11-07'),
('16369041AADD80', '163343D2909DYU', 'Malolos Admin', 'Updated Requestor Status', '2022-11-07'),
('16369128CD81B2', '163343D2909DYU', 'Malolos Admin', 'Login', '2022-11-07'),
('16369137FBC89B', '163343D2909DYU', 'Malolos Admin', 'Login', '2022-11-07'),
('16369170B1ABD9', '163343D2909DYU', 'Malolos Admin', 'Login', '2022-11-07'),
('1636919307FE36', '163343D2909DYU', 'Malolos Admin', 'Login', '2022-11-07'),
('163691BD6E01F3', '163343D2909DYU', 'Malolos Admin', 'Archived Requestor', '2022-11-07'),
('1636921453CC80', '163343D2909DYU', 'Malolos Admin', 'Login', '2022-11-07'),
('163692208C2A81', '163343D2909DYU', 'Malolos Admin', 'Login', '2022-11-07'),
('16369CCD1DA2E7', '163343D2909DYU', 'Malolos Admin', 'Login', '2022-11-08'),
('1636A6983DA24B', '163343D2909DYU', 'Malolos Admin', 'Login', '2022-11-08'),
('1636B2DE0ADED2', '163343D2909DYU', 'Malolos Admin', 'Login', '2022-11-09'),
('16371C68189DAB', '163343D2909DYU', 'Malolos Admin', 'Login', '2022-11-14'),
('16371C76FA936F', '163343D2909DYU', 'Malolos Admin', 'Login', '2022-11-14'),
('16371C93C33064', '163343D2909DYU', 'Malolos Admin', 'Printed Report', '2022-11-14'),
('16371CAAD52345', '163343D2909DYU', 'Malolos Admin', 'Login', '2022-11-14'),
('1637247C159CDD', '163343D2909DYU', 'Malolos Admin', 'Login', '2022-11-14'),
('163724D5EE5EEB', '163343D2909DYU', 'Malolos Admin', 'Login', '2022-11-14'),
('1637279F729551', '163343D2909DYU', 'Malolos Admin', 'Print Chart', '2022-11-14'),
('163727A720EBA4', '163343D2909DYU', 'Malolos Admin', 'Print Chart', '2022-11-14'),
('163727B0B5642C', '163343D2909DYU', 'Malolos Admin', 'Print Chart', '2022-11-14'),
('1637385507FC04', '163343D2909DYU', 'Malolos Admin', 'Login', '2022-11-15'),
('16373855E56537', '163343D2909DYU', 'Malolos Admin', 'Print Chart', '2022-11-15'),
('16373861E72945', '163343D2909DYU', 'Malolos Admin', 'Login', '2022-11-15'),
('1637C2AD317BC4', '163343D2909DYU', 'Malolos Admin', 'Login', '2022-11-22'),
('1637DEF8EE6C22', '163343D2909DYU', 'Malolos Admin', 'Login', '2022-11-23'),
('1637DF03B2AA3F', '163343D2909DYU', 'Malolos Admin', 'Updated Requestor Status', '2022-11-23'),
('1637DF0BD711C7', '163343D2909DYU', 'Malolos Admin', 'Login', '2022-11-23'),
('1637DF23BE82DE', '163343D2909DYU', 'Malolos Admin', 'Login', '2022-11-23'),
('1637DF35117A70', '163343D2909DYU', 'Malolos Admin', 'Updated Requestor Status', '2022-11-23'),
('1637DF35C25F48', '163343D2909DYU', 'Malolos Admin', 'Archived Requestor', '2022-11-23'),
('1637DF364268D9', '163343D2909DYU', 'Malolos Admin', 'Unarchived Requestor', '2022-11-23'),
('1637DF3841B60C', '163343D2909DYU', 'Malolos Admin', 'Login', '2022-11-23'),
('1637DF4C3D1940', '163343D2909DYU', 'Malolos Admin', 'Edit Assistance Details', '2022-11-23'),
('1637DF4CA1FF2D', '163343D2909DYU', 'Malolos Admin', 'Edit Assistance Details', '2022-11-23'),
('1637DF61FEF2D0', '163343D2909DYU', 'Malolos Admin', 'New Assistance Added', '2022-11-23'),
('1637E73A352286', '163343D2909DYU', 'Malolos Admin', 'Login', '2022-11-23'),
('1637E73DD473A1', '163343D2909DYU', 'Malolos Admin', 'Printed Report', '2022-11-23'),
('1637E73E12B6B7', '163343D2909DYU', 'Malolos Admin', 'Printed Report', '2022-11-23'),
('1637E73E158564', '163343D2909DYU', 'Malolos Admin', 'Printed Report', '2022-11-23'),
('1637E73E168676', '163343D2909DYU', 'Malolos Admin', 'Printed Report', '2022-11-23'),
('1637E73E18D18F', '163343D2909DYU', 'Malolos Admin', 'Printed Report', '2022-11-23'),
('1637E73E1A710B', '163343D2909DYU', 'Malolos Admin', 'Printed Report', '2022-11-23'),
('1637E73E1DC733', '163343D2909DYU', 'Malolos Admin', 'Printed Report', '2022-11-23'),
('1637E73E2043C6', '163343D2909DYU', 'Malolos Admin', 'Printed Report', '2022-11-23'),
('1637E73E20DE40', '163343D2909DYU', 'Malolos Admin', 'Printed Report', '2022-11-23'),
('1637E73E2AF09D', '163343D2909DYU', 'Malolos Admin', 'Printed Report', '2022-11-23'),
('1637ECB80A9C65', '16323DD2909ABC', 'Hiyas Admin', 'Login', '2022-11-24'),
('1637ECB92AE5D4', '16323DD2909ABC', 'Hiyas Admin', 'Change Display Picture', '2022-11-24'),
('1637ECBC9B1C74', '163343D290BDFE', 'Harold Jorge', 'Login', '2022-11-24'),
('1637ECBF6CC89B', '163343D290BDFE', 'Harold Jorge', 'Change Display Picture', '2022-11-24'),
('1637ECC1ECDFFA', '163343D290BDFE', 'Harold Jorge', 'Login', '2022-11-24'),
('1637ECC635DFE4', '163343D290BDFE', 'Harold Jorge', 'New Assistance Added', '2022-11-24'),
('1637ECCFBDD1D6', '163343D2909DYU', 'Malolos Admin', 'Login', '2022-11-24'),
('1637ECD06D344B', '163343D2909DYU', 'Malolos Admin', 'Edit Assistance Details', '2022-11-24'),
('1637ECD0B1942D', '163343D2909DYU', 'Malolos Admin', 'Archived Assistance Offered', '2022-11-24'),
('163802786B7407', '163343D2909DYU', 'Malolos Admin', 'Login', '2022-11-25'),
('163802BECB6109', '163343D2909DYU', 'Malolos Admin', 'New Assistance Added', '2022-11-25'),
('163802BFE673DB', '163343D2909DYU', 'Malolos Admin', 'Archived Assistance Offered', '2022-11-25'),
('1638031D368865', '163343D2909DYU', 'Malolos Admin', 'Login', '2022-11-25'),
('1638191880AA67', '163343D2909DYU', 'Malolos Admin', 'Login', '2022-11-26'),
('1638194E29FAF0', '163343D2909DYU', 'Malolos Admin', 'Updated Requestor Status', '2022-11-26'),
('16381950B11E67', '163343D2909DYU', 'Malolos Admin', 'Login', '2022-11-26'),
('163819601B9733', '163343D2909DYU', 'Malolos Admin', 'Updated Requestor Status', '2022-11-26'),
('1638199A933302', '163343D2909DYU', 'Malolos Admin', 'Login', '2022-11-26'),
('163819C14D7336', '163343D2909DYU', 'Malolos Admin', 'Login', '2022-11-26'),
('163819EB5D8FEF', '163343D2909DYU', 'Malolos Admin', 'Login', '2022-11-26'),
('16381A02697438', '163343D2909DYU', 'Malolos Admin', 'Login', '2022-11-26'),
('16381A0306A36E', '163343D2909DYU', 'Malolos Admin', 'Edit Organization Status', '2022-11-26'),
('16381A04CBF6A0', '163343D2909DYU', 'Malolos Admin', 'Login', '2022-11-26'),
('16381A0516671A', '163343D2909DYU', 'Malolos Admin', 'Edit Organization Status', '2022-11-26'),
('16381A1DB470E2', '163343D2909DYU', 'Malolos Admin', 'Login', '2022-11-26'),
('16381A31E42267', '163343D2909DYU', 'Malolos Admin', 'Edit Organization Status', '2022-11-26'),
('16381A3248B859', '163343D2909DYU', 'Malolos Admin', 'Edit Organization Status', '2022-11-26'),
('16381B8BF52DE2', '163343D2909DYU', 'Malolos Admin', 'Login', '2022-11-26'),
('16381C0E3A623F', '163343D2909DYU', 'Malolos Admin', 'Edit Assistance Details', '2022-11-26'),
('16382752341C4C', '163343D2909DYU', 'Malolos Admin', 'Printed Report', '2022-11-26'),
('16382E11D1A9A0', '163343D2909DYU', 'Malolos Admin', 'Login', '2022-11-27'),
('1638309C4A8043', '163343D2909DYU', 'Malolos Admin', 'Login', '2022-11-27'),
('1638309DD95702', '163343D2909DYU', 'Malolos Admin', 'Printed Report', '2022-11-27'),
('163835619CF1F2', '163343D2909DYU', 'Malolos Admin', 'Login', '2022-11-27'),
('1638356641EC31', '163343D2909DYU', 'Malolos Admin', 'Print Chart', '2022-11-27'),
('1638356F4428F8', '163343D2909DYU', 'Malolos Admin', 'Edit Organization Status', '2022-11-27'),
('1638356FE24488', '163343D2909DYU', 'Malolos Admin', 'Edit Organization Status', '2022-11-27'),
('163835796A84E3', '163343D2909DYU', 'Malolos Admin', 'Archived Requestor', '2022-11-27'),
('16383579C67D99', '163343D2909DYU', 'Malolos Admin', 'Unarchived Requestor', '2022-11-27'),
('1638357A4008DA', '163343D2909DYU', 'Malolos Admin', 'Printed Report', '2022-11-27'),
('16383581F11D78', '163343D2909DYU', 'Malolos Admin', 'Login', '2022-11-27'),
('16383582D429C4', '163343D2909DYU', 'Malolos Admin', 'Archived Requestor', '2022-11-27'),
('16383609E5B532', '163343D2909DYU', 'Malolos Admin', 'Login', '2022-11-27'),
('1638360CB39C45', '163343D2909DYU', 'Malolos Admin', 'Edit Organization Status', '2022-11-27'),
('1638360EBC55B2', '163343D2909DYU', 'Malolos Admin', 'Edit Organization Status', '2022-11-27'),
('16383615AE6228', '163343D2909DYU', 'Malolos Admin', 'Updated Requestor Status', '2022-11-27'),
('1638361929089C', '163343D2909DYU', 'Malolos Admin', 'Archived Requestor', '2022-11-27'),
('1638361B597397', '163343D2909DYU', 'Malolos Admin', 'Printed Report', '2022-11-27'),
('1638361C817ACA', '163343D2909DYU', 'Malolos Admin', 'Printed Report', '2022-11-27'),
('16383626593BC8', '163343D2909DYU', 'Malolos Admin', 'Login', '2022-11-27'),
('16383633F8DA77', '163343D2909DYU', 'Malolos Admin', 'Login', '2022-11-27'),
('1638364120CB6B', '163343D2909DYU', 'Malolos Admin', 'Login', '2022-11-27'),
('163836671AE998', '163343D2909DYU', 'Malolos Admin', 'Login', '2022-11-27'),
('163841EA8A9577', '163343D2909DYU', 'Malolos Admin', 'Login', '2022-11-28'),
('163841EA9B128C', '163343D2909DYU', 'Malolos Admin', 'Login', '2022-11-28'),
('16384663CD20CE', '163343D2909DYU', 'Malolos Admin', 'Login', '2022-11-28'),
('1638467078BDB4', '163343D2909DYU', 'Malolos Admin', 'Edit Organization Status', '2022-11-28'),
('16384678AEBC94', '163343D2909DYU', 'Malolos Admin', 'Edit Organization Status', '2022-11-28'),
('1638467CDAE4D1', '163343D2909DYU', 'Malolos Admin', 'Updated Requestor Status', '2022-11-28'),
('1638468F65A623', '163343D2909DYU', 'Malolos Admin', 'Printed Report', '2022-11-28'),
('16384AE3B96793', '163343D2909DYU', 'Malolos Admin', 'Login', '2022-11-28'),
('16384BDA0C0479', '163343D2909DYU', 'Malolos Admin', 'Login', '2022-11-28'),
('163855EF060278', '163343D2909DYU', 'Malolos Admin', 'Login', '2022-11-29'),
('1638566FE66B49', '163343D2909DYU', 'Malolos Admin', 'Edit Organization Status', '2022-11-29'),
('16385670168465', '163343D2909DYU', 'Malolos Admin', 'Edit Organization Status', '2022-11-29'),
('163856719A525B', '163343D2909DYU', 'Malolos Admin', 'Edit Organization Status', '2022-11-29'),
('16385671E12696', '163343D2909DYU', 'Malolos Admin', 'Edit Organization Status', '2022-11-29'),
('1638567BB5EDE6', '163343D2909DYU', 'Malolos Admin', 'Edit Organization Status', '2022-11-29'),
('1638567BF368F1', '163343D2909DYU', 'Malolos Admin', 'Edit Organization Status', '2022-11-29'),
('16385687800176', '163343D2909DYU', 'Malolos Admin', 'Edit Organization Status', '2022-11-29'),
('1638568F89E989', '163343D2909DYU', 'Malolos Admin', 'Edit Organization Status', '2022-11-29'),
('163856919531AE', '163343D2909DYU', 'Malolos Admin', 'Edit Organization Status', '2022-11-29'),
('1638569D1E1C20', '163343D2909DYU', 'Malolos Admin', 'Edit Organization Status', '2022-11-29'),
('1638569D9CBA05', '163343D2909DYU', 'Malolos Admin', 'Edit Organization Status', '2022-11-29'),
('163856A4D96ACC', '163343D2909DYU', 'Malolos Admin', 'Edit Organization Status', '2022-11-29'),
('163856CE9CCDF0', '163343D2909DYU', 'Malolos Admin', 'Login', '2022-11-29'),
('163856CF8EDC76', '163343D2909DYU', 'Malolos Admin', 'Edit Organization Status', '2022-11-29'),
('163856DD2D29DE', '163343D2909DYU', 'Malolos Admin', 'Login', '2022-11-29'),
('163856DEAC9671', '163343D2909DYU', 'Malolos Admin', 'Edit Organization Status', '2022-11-29'),
('163856E9FD301A', '163343D2909DYU', 'Malolos Admin', 'Login', '2022-11-29'),
('163856EAA8273D', '163343D2909DYU', 'Malolos Admin', 'Edit Organization Status', '2022-11-29'),
('163857297EBDA7', '163343D2909DYU', 'Malolos Admin', 'Login', '2022-11-29'),
('16385729AE8D92', '163343D2909DYU', 'Malolos Admin', 'Printed Report', '2022-11-29'),
('16385729FDF916', '163343D2909DYU', 'Malolos Admin', 'Printed Report', '2022-11-29'),
('1638572B6897AF', '163343D2909DYU', 'Malolos Admin', 'Printed Report', '2022-11-29'),
('16385FAFA6A430', '163343D2909DYU', 'Malolos Admin', 'Login', '2022-11-29'),
('163860DF0C9749', '163343D2909DYU', 'Malolos Admin', 'Login', '2022-11-29'),
('163860E049E083', '163343D2909DYU', 'Malolos Admin', 'Edit Organization Status', '2022-11-29'),
('163860E1E2B1F4', '163343D2909DYU', 'Malolos Admin', 'Login', '2022-11-29'),
('163860E6B2528D', '163343D2909DYU', 'Malolos Admin', 'Login', '2022-11-29'),
('163860E86B356D', '163343D2909DYU', 'Malolos Admin', 'Login', '2022-11-29'),
('163860EBB4EEE9', '163343D2909DYU', 'Malolos Admin', 'Login', '2022-11-29'),
('163860EC0EF251', '163343D2909DYU', 'Malolos Admin', 'Edit Organization Status', '2022-11-29'),
('163860F186FE57', '163343D2909DYU', 'Malolos Admin', 'Login', '2022-11-29'),
('163860F1C6E967', '163343D2909DYU', 'Malolos Admin', 'Printed Report', '2022-11-29'),
('16386A1D450121', '163343D2909DYU', 'Malolos Admin', 'Login', '2022-11-30'),
('16386A61A7DA7E', '163343D2909DYU', 'Malolos Admin', 'Login', '2022-11-30'),
('16386A6850FCDA', '163343D2909DYU', 'Malolos Admin', 'Login', '2022-11-30'),
('16386A77C22275', '163343D2909DYU', 'Malolos Admin', 'Login', '2022-11-30'),
('16386A980113B0', '163343D2909DYU', 'Malolos Admin', 'Login', '2022-11-30'),
('16386A9EE173DD', '163343D2909DYU', 'Malolos Admin', 'Login', '2022-11-30'),
('16386AAC8EEAB0', '163343D2909DYU', 'Malolos Admin', 'Login', '2022-11-30'),
('16386AAEB27CC9', '163343D2909DYU', 'Malolos Admin', 'Login', '2022-11-30'),
('16386C9DC3085F', '163343D2909DYU', 'Malolos Admin', 'Login', '2022-11-30'),
('16386E833A0F11', '163343D2909DYU', 'Malolos Admin', 'Login', '2022-11-30'),
('16387624EF29D7', '163343D2909DYU', 'Malolos Admin', 'Login', '2022-11-30'),
('16387625F035D9', '163343D2909DYU', 'Malolos Admin', 'Print Chart', '2022-11-30'),
('1638762666E227', '163343D2909DYU', 'Malolos Admin', 'Printed Report', '2022-11-30'),
('1638762BB8D904', '163343D2909DYU', 'Malolos Admin', 'Printed Report', '2022-11-30'),
('163876C7875E61', '163343D2909DYU', 'Malolos Admin', 'Login', '2022-11-30'),
('1638773EFA02EC', '163343D2909DYU', 'Malolos Admin', 'Login', '2022-11-30'),
('1638777FF7251E', '163343D2909DYU', 'Malolos Admin', 'Login', '2022-11-30'),
('163877851A263B', '163343D2909DYU', 'Malolos Admin', 'Login', '2022-11-30'),
('1638778CEEB3A3', '163343D2909DYU', 'Malolos Admin', 'Login', '2022-11-30'),
('163877A00196E1', '163343D2909DYU', 'Malolos Admin', 'Login', '2022-11-30'),
('163877A54612A4', '163343D2909DYU', 'Malolos Admin', 'Login', '2022-11-30'),
('163877A8E2399A', '163343D2909DYU', 'Malolos Admin', 'Login', '2022-11-30'),
('163877EFE4E981', '163343D2909DYU', 'Malolos Admin', 'Login', '2022-11-30'),
('1638784F261E31', '163343D2909DYU', 'Malolos Admin', 'Login', '2022-11-30'),
('1638787822D0AA', '163343D2909DYU', 'Malolos Admin', 'Login', '2022-11-30'),
('163878AA409CDC', '163343D2909DYU', 'Malolos Admin', 'Login', '2022-11-30'),
('16387CC423F627', '163343D2909DYU', 'Malolos Admin', 'Login', '2022-11-30'),
('16387CCB3F26EA', '163343D2909DYU', 'Malolos Admin', 'Login', '2022-11-30'),
('16387FB1E4F543', '163343D2909DYU', 'Malolos Admin', 'Login', '2022-12-01'),
('163880419AFCB9', '163343D2909DYU', 'Malolos Admin', 'Login', '2022-12-01'),
('163883A4D6A4E3', '163343D2909DYU', 'Malolos Admin', 'Login', '2022-12-01'),
('16388552D3BF98', '163343D2909DYU', 'Malolos Admin', 'Login', '2022-12-01'),
('16388554DAFC49', '163343D2909DYU', 'Malolos Admin', 'Printed Report', '2022-12-01'),
('16388594FC739A', '163343D2909DYU', 'Malolos Admin', 'Login', '2022-12-01'),
('163885E59ED49B', '163343D2909DYU', 'Malolos Admin', 'Login', '2022-12-01'),
('16388887658176', '163343D2909DYU', 'Malolos Admin', 'Login', '2022-12-01'),
('1638889DB5A0AE', '163343D2909DYU', 'Malolos Admin', 'Login', '2022-12-01'),
('1638892A4E7498', '163343D2909DYU', 'Malolos Admin', 'Login', '2022-12-01'),
('163892228984E3', '163343D2909DYU', 'Malolos Admin', 'Login', '2022-12-01'),
('163897871BEF75', '163343D2909DYU', 'Malolos Admin', 'Login', '2022-12-02'),
('16389788C9F13D', '163343D2909DYU', 'Malolos Admin', 'Updated Requestor Status', '2022-12-02'),
('1638979082711B', '163343D2909DYU', 'Malolos Admin', 'Login', '2022-12-02'),
('16393353F64578', '163343D2909DYU', 'Malolos Admin', 'Login', '2022-12-09'),
('163934DEAE912B', '163343D2909DYU', 'Malolos Admin', 'Login', '2022-12-09'),
('163934DF07EB84', '163343D2909DYU', 'Malolos Admin', 'Print Chart', '2022-12-09'),
('16393525A64850', '163343D2909DYU', 'Malolos Admin', 'Edit Organization Status', '2022-12-09'),
('16393529B33C71', '163343D2909DYU', 'Malolos Admin', 'Edit Organization Status', '2022-12-09'),
('1639438987C5F7', '163343D2909DYU', 'Malolos Admin', 'Login', '2022-12-10'),
('1639438EDEA912', '163343D2909DYU', 'Malolos Admin', 'Login', '2022-12-10'),
('16394390A3C219', '163343D2909DYU', 'Malolos Admin', 'Login', '2022-12-10'),
('163943B9DE3276', '163343D2909DYU', 'Malolos Admin', 'Login', '2022-12-10'),
('163943BB24E162', '163343D2909DYU', 'Malolos Admin', 'Print Chart', '2022-12-10'),
('163943BF3C4A9C', '163343D2909DYU', 'Malolos Admin', 'Printed Report', '2022-12-10'),
('163943BF6C492F', '163343D2909DYU', 'Malolos Admin', 'Printed Report', '2022-12-10'),
('163943C06D5F1F', '163343D2909DYU', 'Malolos Admin', 'Login', '2022-12-10'),
('163943C0BA78B5', '163343D2909DYU', 'Malolos Admin', 'Print Chart', '2022-12-10'),
('163943C150F4DB', '163343D2909DYU', 'Malolos Admin', 'Printed Report', '2022-12-10'),
('163943CC14D0C3', '163343D2909DYU', 'Malolos Admin', 'Login', '2022-12-10'),
('163943CDBEAFAF', '163343D2909DYU', 'Malolos Admin', 'Edit Organization Details', '2022-12-10'),
('163943D0386EAC', '163343D2909DYU', 'Malolos Admin', 'Edit Organization Status', '2022-12-10'),
('163943D0FBCB1A', '163343D2909DYU', 'Malolos Admin', 'Edit Organization Status', '2022-12-10'),
('163943D2A636D5', '163343D2909DYU', 'Malolos Admin', 'Login', '2022-12-10'),
('163943D3C85041', '163343D2909DYU', 'Malolos Admin', 'Edit Organization Details', '2022-12-10'),
('163943D4777173', '163343D2909DYU', 'Malolos Admin', 'Edit Organization Status', '2022-12-10'),
('163943D4E6C7AE', '163343D2909DYU', 'Malolos Admin', 'Edit Organization Status', '2022-12-10'),
('163943E88C6107', '163343D2909DYU', 'Malolos Admin', 'Login', '2022-12-10'),
('163943EC5DA408', '163343D2909DYU', 'Malolos Admin', 'Login', '2022-12-10'),
('163943F0F6DD3E', '163343D2909DYU', 'Malolos Admin', 'Login', '2022-12-10'),
('163943F296B26B', '163343D2909DYU', 'Malolos Admin', 'Login', '2022-12-10'),
('163943F2B439C2', '163343D2909DYU', 'Malolos Admin', 'Printed Report', '2022-12-10'),
('163943F6A1D7AD', '163343D2909DYU', 'Malolos Admin', 'Printed Report', '2022-12-10'),
('163943FCFBC43A', '163343D2909DYU', 'Malolos Admin', 'Login', '2022-12-10'),
('16394400678F4B', '163343D2909DYU', 'Malolos Admin', 'Login', '2022-12-10'),
('16394401AB078F', '163343D2909DYU', 'Malolos Admin', 'Unarchived Requestor', '2022-12-10'),
('16394403FD185B', '163343D2909DYU', 'Malolos Admin', 'Unarchived Requestor', '2022-12-10'),
('163944068C5426', '163343D2909DYU', 'Malolos Admin', 'Login', '2022-12-10'),
('163944082C4651', '163343D2909DYU', 'Malolos Admin', 'Archived Requestor', '2022-12-10'),
('1639440A6B71E2', '163343D2909DYU', 'Malolos Admin', 'Login', '2022-12-10'),
('1639440C3D9C8B', '163343D2909DYU', 'Malolos Admin', 'Archived Requestor', '2022-12-10'),
('1639441345B42C', '163343D2909DYU', 'Malolos Admin', 'Login', '2022-12-10'),
('1639441543142E', '163343D2909DYU', 'Malolos Admin', 'Unarchived Requestor', '2022-12-10'),
('16394415771604', '163343D2909DYU', 'Malolos Admin', 'Edit Assistance Details', '2022-12-10'),
('1639441670FD17', '163343D2909DYU', 'Malolos Admin', 'Unarchived Requestor', '2022-12-10'),
('16394418270685', '163343D2909DYU', 'Malolos Admin', 'Login', '2022-12-10'),
('1639441938E76C', '163343D2909DYU', 'Malolos Admin', 'Edit Assistance Details', '2022-12-10'),
('16394425C314D0', '163343D2909DYU', 'Malolos Admin', 'Login', '2022-12-10'),
('1639442B86F1E9', '163343D2909DYU', 'Malolos Admin', 'Login', '2022-12-10'),
('1639442ED118BD', '163343D2909DYU', 'Malolos Admin', 'Login', '2022-12-10'),
('1639443BD5D65B', '163343D2909DYU', 'Malolos Admin', 'Login', '2022-12-10'),
('1639443D7939CD', '163343D2909DYU', 'Malolos Admin', 'Printed Report', '2022-12-10'),
('1639443FF70EEC', '163343D2909DYU', 'Malolos Admin', 'Login', '2022-12-10'),
('163944403DACB2', '163343D2909DYU', 'Malolos Admin', 'Printed Report', '2022-12-10'),
('16394640A2EDAE', '163343D2909DYU', 'Malolos Admin', 'Login', '2022-12-10');

-- --------------------------------------------------------

--
-- Table structure for table `assistance_offered`
--

CREATE TABLE `assistance_offered` (
  `asst_id` varchar(255) NOT NULL,
  `asst_name` varchar(255) NOT NULL,
  `asst_description` varchar(1000) CHARACTER SET utf8 COLLATE utf8_general_ci NOT NULL,
  `org_id` varchar(255) NOT NULL,
  `asst_status` varchar(255) NOT NULL,
  `asst_req1` varchar(255) NOT NULL,
  `asst_req2` varchar(255) NOT NULL,
  `asst_req3` varchar(255) NOT NULL,
  `asst_req4` varchar(255) NOT NULL,
  `asst_req5` varchar(255) NOT NULL,
  `asst_req6` varchar(1000) NOT NULL,
  `asst_req7` varchar(1000) NOT NULL,
  `asst_req8` varchar(1000) NOT NULL,
  `asst_req9` varchar(1000) NOT NULL,
  `asst_req10` varchar(1000) NOT NULL
) ENGINE=InnoDB DEFAULT CHARSET=utf8 COLLATE=utf8_general_ci;

--
-- Dumping data for table `assistance_offered`
--

INSERT INTO `assistance_offered` (`asst_id`, `asst_name`, `asst_description`, `org_id`, `asst_status`, `asst_req1`, `asst_req2`, `asst_req3`, `asst_req4`, `asst_req5`, `asst_req6`, `asst_req7`, `asst_req8`, `asst_req9`, `asst_req10`) VALUES
('1', 'Tulong Pinansyal', '    This assistance can be obtained by the citizens of Malolos, Bulacan. The requestor of this assistance will be provided with financial help to support their businesses, bills, and scholarships.        ', '163343D2909DYU', 'UNARCHIVED', 'Valid ID', 'Barangay Indigency', 'Request Letter', '', '', '', '', '', '', ''),
('16363BB9F78574', 'Tulong Edukasyon', '  It is the organization\'s primary venue for assisting undergraduate students in reaching their graduation goals by providing scholarships, grants, and financial assistance services to intellectually qualified, underprivileged, indigent but deserving students.    ', '163343D2909DYU', 'UNARCHIVED', 'Valid ID', 'COR (Current A.Y.)', 'Barangay Indigency', 'Request Letter', '', '', '', '', '', ''),
('16363BE56703D1', 'Tulong Pinansyal', 'The people of Malolos, Bulacan, can get this aid. The person requesting this aid will receive money to support their enterprises, obligations, and scholarships.', '16323DD2909ABC', 'UNARCHIVED', 'Valid ID', 'Barangay Indigency', 'Request Letter', '', '', '', '', '', '', ''),
('1637ECC6311889', 'Tulong Edukasyon', 'Lahat ng mga istudyante ay magkakaroon ng panahon na sila ay magpupunyagi sa gawain sa paaralan o sa buhay \r\nsa paaralan. Subali’t ang ilan sa mga istudyante ay mangangailangan ng ekstrang suporta mula sa isang programa \r\nng Ispesyal Edyukeysiyon. Ang mga magulang ay maaaring siyang unang makapansin na ang kanilang anak na lalaki o babae ay may mga \r\nsuliranin sa pag-aaral o ang guro ang maaaring magmungkahi sa isang magulang na ang kanilang anak na lalaki o \r\nbabae ay maaaring mangailangan ng ekstra o nagpapatuloy na suporta ', '163343D290BDFE', 'UNARCHIVED', 'Valid ID', 'COR', 'Birth Certificate', 'Barangay Indigency', '', '', '', '', '', ''),
('3', 'Tulong PWD', 'This assistance can be obtained by disabled citizens of Malolos, Bulacan. The requestor of this assistance will be provided with medical help and/or equipment that they need.', '163343D2909DYU', 'UNARCHIVED', 'Valid ID', 'PWD ID', 'Barangay Certificate', '', '', '', '', '', '', ''),
('50132', 'Burial Assistance', 'This assistance can be obtained by individuals who lacks the financial capability to pay for burial services. It provides burial assistance for poor, marginalized, vulnerable, and disadvantaged individuals.', '163343D2909DYU', 'UNARCHIVED', 'Valid ID', 'Death Cerificate', 'Barangay Indigency', '', '', '', '', '', '', '');

-- --------------------------------------------------------

--
-- Table structure for table `organizations`
--

CREATE TABLE `organizations` (
  `org_id` varchar(255) NOT NULL,
  `org_dp` varchar(255) NOT NULL,
  `org_name` varchar(255) NOT NULL,
  `org_address` varchar(255) NOT NULL,
  `org_contact` varchar(255) NOT NULL,
  `org_details` varchar(1000) NOT NULL,
  `org_admin` varchar(255) NOT NULL,
  `org_adminEmail` varchar(255) NOT NULL,
  `org_adminPassword` varchar(255) NOT NULL,
  `org_adminID` varchar(255) NOT NULL,
  `org_status` varchar(255) NOT NULL,
  `org_remarks` varchar(255) NOT NULL,
  `org_status_remarks` varchar(1000) NOT NULL,
  `org_archive` varchar(255) NOT NULL,
  `org_date` date DEFAULT NULL
) ENGINE=InnoDB DEFAULT CHARSET=utf8 COLLATE=utf8_general_ci;

--
-- Dumping data for table `organizations`
--

INSERT INTO `organizations` (`org_id`, `org_dp`, `org_name`, `org_address`, `org_contact`, `org_details`, `org_admin`, `org_adminEmail`, `org_adminPassword`, `org_adminID`, `org_status`, `org_remarks`, `org_status_remarks`, `org_archive`, `org_date`) VALUES
('16323DD2909ABC', '16323DD2909ABC_Logo.jpg', 'Hiyas Organization', 'Malolos City', '09672248213', 'The Hiyas Organization seeks to provide assistance to Malolos residents in a variety of ways. It provides the residents with a range of support to meet their needs. The Hiyas Organization\'s major objective is to improve the lives of Maloleños. It contributes to poverty reduction and reduce vulnerability to risks of the poor, vulnerable and marginalized workers either through transitional emergency employment and promotion of livelihood and entrepreneurship.', 'Hiyas Admin', 'hiyas@gmail.com', 'Hiyas123', 'SampleID_1 - Copy.png', 'ACTIVE', '', '', 'UNARCHIVED', '2022-09-20'),
('163343D2909DYU', '163343D2909DYU_1_Malolos.png', 'Malolos Local Government', 'Malolos City', '96722300861', 'The Malolos Local Government aims to help the citizens of Malolos in various ways. It offers the citizens a variety of assistance that would cater to their needs. The main goal of the Malolos Local Government is to make the life of Maloleños easier. It helps to alleviate poverty and the danger of the poor, vulnerable, and disadvantaged employees through temporary emergency employment as well as the encouragement of livelihood and entrepreneurship.', 'Malolos Admin', 'admin@gmail.com', 'Admin12345', 'SampleID_1 - Copy.png', 'ACTIVE', '', 'reason sample', 'UNARCHIVED', '2022-09-20'),
('163343D290BDFE', '163343D290BDFE_Longos.jpg', 'Longos Bulacan ', 'Longos', '04672230086', 'The Malolos residents are the focus of the Longos Bulacan Organization\'s various assistance programs. It provides the residents with a range of support to meet their needs. The Longos Bulacan Organization\'s major objective is to improve the quality of life for Maloleños.', 'Harold Jorge', 'longos@gmail.com', '163343D290BE01', '163343D290BDFE_16334239155FAF.png', 'ACTIVE', '', '', 'UNARCHIVED', '2022-09-20'),
('1638199E3F25DF', '../org_displaypic/default_logo.png', 'Quenzie D. Garrison', 'Blk 6, Lot 10, Rizal Street', '09673090118', ' ', 'Quenzie D. Garrison', 'quenzie.garrison2022@gmail.com', '1638199E3F25E4', '1638199E3F25DF_Valid_ID_2.jpg', 'DECLINED', 'No Remarks Vacation', '', 'UNARCHIVED', '2022-11-26'),
('163943BF75B0D1', '../org_displaypic/default_logo.png', 'Albert Grospe', 'icedcoffe0211@gmail.com', '09226156429', ' ', 'Albert Grospe', 'albertcarlo.grospe.p@bulsu.edu.ph', '163943BF75B0D4', '163943BF75B0D1_1638199E3F25DF_Valid_ID_2.jpg', 'PENDING', '', '', 'UNARCHIVED', '2022-12-10'),
('163943C1BAB061', '../org_displaypic/default_logo.png', 'Porky Org', 'alalalbert27@gmail.com', '09226156429', ' ', 'Albert Grospe', 'albertcarlo.grospe.p@bulsu.edu.ph', '163943C1BAB064', '163943C1BAB061_1638199E3F25DF_Valid_ID_2.jpg', 'PENDING', '', '', 'UNARCHIVED', '2022-12-10');

-- --------------------------------------------------------

--
-- Table structure for table `requests`
--

CREATE TABLE `requests` (
  `req_refID` varchar(255) NOT NULL,
  `req_qr` varchar(255) NOT NULL,
  `org_id` varchar(255) NOT NULL,
  `asst_id` varchar(255) NOT NULL,
  `req_givenname` varchar(255) NOT NULL,
  `req_middlename` varchar(255) NOT NULL,
  `req_lastname` varchar(255) NOT NULL,
  `req_email` varchar(255) NOT NULL,
  `req_contact` varchar(255) NOT NULL,
  `req_address` varchar(255) NOT NULL,
  `req_status` varchar(255) NOT NULL,
  `req_archive` varchar(255) NOT NULL,
  `req_date` date NOT NULL,
  `req_remarks` varchar(255) NOT NULL,
  `req_1` varchar(255) NOT NULL,
  `req_2` varchar(255) NOT NULL,
  `req_3` varchar(255) NOT NULL,
  `req_4` varchar(255) NOT NULL,
  `req_5` varchar(255) NOT NULL,
  `req_6` varchar(1000) NOT NULL,
  `req_7` varchar(1000) NOT NULL,
  `req_8` varchar(1000) NOT NULL,
  `req_9` varchar(1000) NOT NULL,
  `req_10` varchar(1000) NOT NULL
) ENGINE=InnoDB DEFAULT CHARSET=utf8 COLLATE=utf8_general_ci;

--
-- Dumping data for table `requests`
--

INSERT INTO `requests` (`req_refID`, `req_qr`, `org_id`, `asst_id`, `req_givenname`, `req_middlename`, `req_lastname`, `req_email`, `req_contact`, `req_address`, `req_status`, `req_archive`, `req_date`, `req_remarks`, `req_1`, `req_2`, `req_3`, `req_4`, `req_5`, `req_6`, `req_7`, `req_8`, `req_9`, `req_10`) VALUES
('1637DDDD7CE497', '1637DDDD7CE497.png', '163343D2909DYU', '1', 'Juana', 'Reyes', 'Dela Cruz', 'juana.reyes.1975@gmail.com', '09672231234', 'Blk 6 Lot 8, Camia Street  ,Tikay , Malolos, Bulacan', 'DECLINED', 'UNARCHIVED', '2022-11-23', 'Other Reason: Please try again!', '1637DDDD7CE497_Valid_ID_2.jpg', '1637DDDD7CE497_Barangay_Indigency.png', '1637DDDD7CE497_Handwritten.jpg', '', '', '', '', '', '', ''),
('1637DF218A5E46', '1637DF218A5E46.png', '163343D2909DYU', '1', 'Sam', 'John', 'Carlson', 'SamJ12345@gmail.com', '09672230018', 'Blk 6, House 10 ,Tikay , Malolos, Bulacan', 'APPROVED', 'UNARCHIVED', '2022-11-23', 'Complete Requirements!', '1637DF218A5E46_1637DDD5BA75B9.png', '1637DF218A5E46_1637DDDD7CE497.png', '1637DF218A5E46_Barangay_Indigency.png', '1637DF218A5E46_Birthcert.png', '1637DF218A5E46_COR.jpg', '1637DF218A5E46_Death_Cert.jpg', '1637DF218A5E46_Handwritten.jpg', '1637DF218A5E46_PWD_ID.jpg', '1637DF218A5E46_Valid_ID.png', '1637DF218A5E46_Valid_ID_2.jpg'),
('1638196B46CF52', '1638196B46CF52.png', '163343D2909DYU', '1', 'Howard', 'Dela Cruz', 'Reyes', 'HDCR.1234@gmail.com', '09672230071', 'Blk 6, Lot 10, Rizal Street ,San Agustin , Malolos, Bulacan', 'DECLINED', 'UNARCHIVED', '2022-11-26', 'Incomplete Requirements! ', '1638196B46CF52_Valid_ID.png', '1638196B46CF52_Barangay_Indigency.png', '1638196B46CF52_Handwritten.jpg', '', '', '', '', '', '', ''),
('16383558E51A5A', '16383558E51A5A.png', '163343D2909DYU', '1', 'John', 'Dela Cruz', 'Howard', 'john.delacruz.howard@gmail.com', '09672230096', 'Sample Address ,Tikay , Malolos, Bulacan', 'PENDING', 'UNARCHIVED', '2022-11-27', '', '16383558E51A5A_Valid_ID.png', '16383558E51A5A_Barangay_Indigency.png', '16383558E51A5A_Handwritten.jpg', '', '', '', '', '', '', ''),
('16383604130D11', '16383604130D11.png', '163343D2909DYU', '16363BB9F78574', 'Albert Carlo ', 'Pinzon', 'Grospe', 'alalalbert27@gmail.com', '09256000334', '63 Generva St. ,Tikay , Malolos, Bulacan', 'APPROVED', 'UNARCHIVED', '2022-11-27', 'Complete Requirements! sdasd', '16383604130D11_306861696_1464788040691617_1788429900722157339_n.jpg', '16383604130D11_306861696_1464788040691617_1788429900722157339_n.jpg', '16383604130D11_306861696_1464788040691617_1788429900722157339_n.jpg', '16383604130D11_306861696_1464788040691617_1788429900722157339_n.jpg', '', '', '', '', '', ''),
('1638465786B4FF', '1638465786B4FF.png', '163343D2909DYU', '1', 'Jose', 'Dela Cruz', 'Rivera', 'jose.12345@gmail.com', '09672230086', 'Street 1 House 2 ,Tikay , Malolos, Bulacan', 'PENDING', 'UNARCHIVED', '2022-11-28', '', '1638465786B4FF_Valid_ID.png', '1638465786B4FF_Barangay_Indigency.png', '1638465786B4FF_Handwritten.jpg', '', '', '', '', '', '', ''),
('16384C5D13706C', '16384C5D13706C.png', '163343D2909DYU', '1', 'Keanne', 'Reyes', 'Quintas', 'KLAL@gmail.com', '09673090118', 'House Lot 89 ,Niugan , Malolos, Bulacan', 'PENDING', 'UNARCHIVED', '2022-11-28', '', '16384C5D13706C_Valid_ID_2.jpg', '16384C5D13706C_Barangay_Indigency.png', '16384C5D13706C_Handwritten.jpg', '', '', '', '', '', '', ''),
('16384CEECED0CC', '16384CEECED0CC.png', '163343D2909DYU', '1', 'Khloe', 'Garcia', 'Punzalan', 'klhoe.2022.punzalan@gmail.com', '09223090118', 'Blk 6, Lot 10, Howard Street ,Panasahan , Malolos, Bulacan', 'PENDING', 'UNARCHIVED', '2022-11-28', '', '16384CEECED0CC_Valid_ID_2.jpg', '16384CEECED0CC_Barangay_Indigency.png', '16384CEECED0CC_Handwritten.jpg', '', '', '', '', '', '', ''),
('1638613F25A1F3', '1638613F25A1F3.png', '163343D2909DYU', '1', 'Sam', 'John', 'Carlson', 'SamJ12345@gmail.com', '09673092328', 'Blk 6, House 10, Marlong Street ,Taal , Malolos, Bulacan', 'PENDING', 'UNARCHIVED', '2022-11-29', '', '1638613F25A1F3_Valid_ID.png', '1638613F25A1F3_Barangay_Indigency.png', '1638613F25A1F3_Handwritten.jpg', '', '', '', '', '', '', ''),
('163861583D43A6', '163861583D43A6.png', '163343D2909DYU', '1', 'Angelica', 'Forte', 'Dela Cruz', 'angeee.123456@gmail.com', '09672231123', 'Blk 6, Lot 19, Golf Street ,Panasahan , Malolos, Bulacan', 'PENDING', 'UNARCHIVED', '2022-11-29', '', '163861583D43A6_Valid_ID_2.jpg', '163861583D43A6_Barangay_Indigency.png', '163861583D43A6_Handwritten.jpg', '', '', '', '', '', '', ''),
('1638640D58EB88', '1638640D58EB88.png', '163343D2909DYU', '1', 'Angelica', 'Julia', 'Cruz', 'angelica.cruz.2022.julia@gmail.com', '09672230086', 'Blk 10, House 20, Hosher Street ,San Juan , Malolos, Bulacan', 'PENDING', 'UNARCHIVED', '2022-11-29', '', '1638640D58EB88_Valid_ID_2.jpg', '1638640D58EB88_Barangay_Indigency.png', '1638640D58EB88_Handwritten.jpg', '', '', '', '', '', '', ''),
('16386430DDD34D', '16386430DDD34D.png', '163343D2909DYU', '1', 'Dean', 'Bantuan', 'Santos', 'db.santos.2022@gmail.com', '09672231111', 'Blk 6 Lot 8, Sunflower Street  ,Niugan , Malolos, Bulacan', 'PENDING', 'UNARCHIVED', '2022-11-29', '', '16386430DDD34D_Valid_ID.png', '16386430DDD34D_Barangay_Indigency.png', '16386430DDD34D_Handwritten.jpg', '', '', '', '', '', '', ''),
('16386A923CF8F4', '16386A923CF8F4.png', '163343D2909DYU', '16363BB9F78574', 'rubert', 'aye ', 'quintero', 'robert.quintero.t@bulsu.edu.ph', '09367367243', 'Blk 68 lot 29 ,Mojon , Malolos, Bulacan', 'PENDING', 'UNARCHIVED', '2022-11-30', '', '16386A923CF8F4_sample.png', '16386A923CF8F4_sample.png', '16386A923CF8F4_sample.png', '16386A923CF8F4_sample.png', '', '', '', '', '', ''),
('16389784E05CEE', '16389784E05CEE.png', '163343D2909DYU', '1', 'Andrei', ' Dela Cruz ', 'Rivera', 'asrdc.rivera@gmail.com', '09672230086', 'Blk 6 Lot 8 ,Tikay , Malolos, Bulacan', 'APPROVED', 'UNARCHIVED', '2022-12-02', 'Complete Requirements! ', '16389784E05CEE_Valid_ID.png', '16389784E05CEE_Barangay_Indigency.png', '16389784E05CEE_Handwritten.jpg', '', '', '', '', '', '', ''),
('1638D8194E0120', '1638D8194E0120.png', '163343D2909DYU', '1', 'Jose', 'Dela Cruz ', 'Reyes', 'jose.reyes.2022@gmail.com', '09672291123', 'Gumamela Street ,Niugan , Malolos, Bulacan', 'PENDING', 'UNARCHIVED', '2022-12-05', '', '1638D8194E0120_Valid_ID.png', '1638D8194E0120_Barangay_Indigency.png', '1638D8194E0120_Handwritten.jpg', '', '', '', '', '', '', ''),
('1638D8341F1C94', '1638D8341F1C94.png', '163343D2909DYU', '1', 'Jose', 'Harold', 'Rizal', 'joserizal@gmail.com', '09672230086', 'sample ,Tikay , Malolos, Bulacan', 'PENDING', 'UNARCHIVED', '2022-12-05', '', '1638D8341F1C94_Death_Cert.jpg', '1638D8341F1C94_PWD_ID.jpg', '1638D8341F1C94_Valid_ID.png', '', '', '', '', '', '', ''),
('163942C90B1D0D', '163942C90B1D0D.png', '163343D2909DYU', '16363BB9F78574', 'Albert Carlo', 'Pinzon', 'Grospe', 'albertcarlo.grospe.p@bulsu.edu.ph', '09256000334', 'Generva St. ,Tikay , Malolos, Bulacan', 'PENDING', 'UNARCHIVED', '2022-12-10', '', '163942C90B1D0D_306861696_1464788040691617_1788429900722157339_n.jpg', '163942C90B1D0D_306861696_1464788040691617_1788429900722157339_n.jpg', '163942C90B1D0D_306861696_1464788040691617_1788429900722157339_n.jpg', '163942C90B1D0D_306861696_1464788040691617_1788429900722157339_n.jpg', '', '', '', '', '', ''),
('163942CD3E42B8', '163942CD3E42B8.png', '163343D2909DYU', '16363BB9F78574', 'Albert Carlo', 'Pinzon', 'Grospe', 'albertcarlo.grospe.p@bulsu.edu.ph', '09256000334', 'Generva St. ,Tikay , Malolos, Bulacan', 'PENDING', 'UNARCHIVED', '2022-12-10', '', '163942CD3E42B8_300230696_1328221847982589_6606126568390006274_n.jpg', '163942CD3E42B8_300230696_1328221847982589_6606126568390006274_n.jpg', '163942CD3E42B8_300230696_1328221847982589_6606126568390006274_n.jpg', '163942CD3E42B8_300230696_1328221847982589_6606126568390006274_n.jpg', '', '', '', '', '', ''),
('163942D73626FB', '163942D73626FB.png', '163343D2909DYU', '3', 'Albert Carlo', 'Pinzon', 'Grospe', 'albertcarlo.grospe.p@bulsu.edu.ph', '09256000334', '63 Generva St. ,Tikay , Malolos, Bulacan', 'PENDING', 'UNARCHIVED', '2022-12-10', '', '163942D73626FB_306861696_1464788040691617_1788429900722157339_n.jpg', '163942D73626FB_306861696_1464788040691617_1788429900722157339_n.jpg', '163942D73626FB_306861696_1464788040691617_1788429900722157339_n.jpg', '', '', '', '', '', '', ''),
('163942EA9B9A8C', '163942EA9B9A8C.png', '163343D2909DYU', '16363BB9F78574', 'Albert Carlo', 'Pinzon', 'Grospe', 'albertcarlo.grospe.p@bulsu.edu.ph', '09226156429', '63 Generva St. ,Mojon , Malolos, Bulacan', 'PENDING', 'UNARCHIVED', '2022-12-10', '', '163942EA9B9A8C_306861696_1464788040691617_1788429900722157339_n.jpg', '163942EA9B9A8C_306861696_1464788040691617_1788429900722157339_n.jpg', '163942EA9B9A8C_306861696_1464788040691617_1788429900722157339_n.jpg', '163942EA9B9A8C_306861696_1464788040691617_1788429900722157339_n.jpg', '', '', '', '', '', ''),
('163942FF3769B1', '163942FF3769B1.png', '163343D2909DYU', '16363BB9F78574', 'Albert Carlo', 'Pinzon', 'Grospe', 'albertcarlo.grospe.p@bulsu.edu.ph', '09226156429', '63 Generva St. ,Mojon , Malolos, Bulacan', 'PENDING', 'UNARCHIVED', '2022-12-10', '', '163942FF3769B1_306861696_1464788040691617_1788429900722157339_n.jpg', '163942FF3769B1_306861696_1464788040691617_1788429900722157339_n.jpg', '163942FF3769B1_306861696_1464788040691617_1788429900722157339_n.jpg', '163942FF3769B1_306861696_1464788040691617_1788429900722157339_n.jpg', '', '', '', '', '', ''),
('16394334D70DCB', '16394334D70DCB.png', '163343D2909DYU', '1', 'Albert Carlo', 'Pinzon', 'Grospe', 'albertcarlo.grospe.p@bulsu.edu.ph', '09226156429', '63 Generva St. ,Tikay , Malolos, Bulacan', 'PENDING', 'UNARCHIVED', '2022-12-10', '', '16394334D70DCB_163942FF3769B1.png', '16394334D70DCB_163942FF3769B1.png', '16394334D70DCB_163942FF3769B1.png', '', '', '', '', '', '', '');

--
-- Indexes for dumped tables
--

--
-- Indexes for table `activity_log`
--
ALTER TABLE `activity_log`
  ADD PRIMARY KEY (`actlog_id`);

--
-- Indexes for table `assistance_offered`
--
ALTER TABLE `assistance_offered`
  ADD PRIMARY KEY (`asst_id`);

--
-- Indexes for table `organizations`
--
ALTER TABLE `organizations`
  ADD PRIMARY KEY (`org_id`);

--
-- Indexes for table `requests`
--
ALTER TABLE `requests`
  ADD PRIMARY KEY (`req_refID`);
COMMIT;

/*!40101 SET CHARACTER_SET_CLIENT=@OLD_CHARACTER_SET_CLIENT */;
/*!40101 SET CHARACTER_SET_RESULTS=@OLD_CHARACTER_SET_RESULTS */;
/*!40101 SET COLLATION_CONNECTION=@OLD_COLLATION_CONNECTION */;
